league,alias,canonical_team
ncaab_ou,Rutgers Scarlet Knights,Rutgers Scarlet Knights	
ncaab_ou,ETSU Buccaneers,East Tennessee State Buccaneers
ncaab_ou,MD E Shore Fighting Hawks,Maryland Eastern Shore Hawks
ncaab_ou,Radford Highlanders,Radford Highlanders
ncaab_ou,St. Bonaventure Bonnies,Saint Bonaventure Bonnies
ncaab_ou,Pennsylvania,Penn Quakers
ncaab_ou,Saint Louis,Saint Louis Billikens
ncaab_ou,Hawaii,Hawaii Rainbow Warriors
ncaab_ou,Louisiana,Louisiana Ragin' Cajuns
ncaab_ou,South Alabama,South Alabama Jaguars
ncaab_ou,USC Upstate,USC Upstate Spartans
ncaab_ou,Hawaii Rainbow Warriors,Hawaii Rainbow Warriors
ncaab_ou,Louisiana Lafayette,Louisiana Ragin Cajuns
ncaab_ou,MTSU Blue Raiders,Middle Tennessee Blue Raiders
ncaab_ou,South Alabama Jaguars,South Alabama Jaguars
ncaab_ou,UMKC Kangarros,UMKC Kangaroos
ncaab_ou,USC Upstate Spartans,USC Upstate Spartans
ncaab_ou,East Texas AM Lions,Texas AM Commerce Lions
ncaab_ou,Arkansas–Pine Bluff,Arkansas Pine Bluff Golden Lions
ncaab_ou,Arkansas–Pine Bluff Golden Lions,Arkansas Pine Bluff Golden Lions
ncaab_ou,Bethune–Cookman,Bethune Cookman Wildcats
ncaab_ou,Bethune–Cookman Wildcats,Bethune Cookman Wildcats
ncaab_ou,Texas A&M–Corpus Christi,Texas AM Corpus Christi Islanders
ncaab_ou,Texas A&M–Corpus Christi Islanders,Texas AM Corpus Christi Islanders
ncaab_ou,Ark Pine Bluff Golden Lions,Arkansas Pine Bluff Golden Lions
ncaab_ou,MS Valley State Delta Devils,Mississippi Valley State Delta Devils
ncaab_ou,Texas A&M CC Islanders,Texas AM Corpus Christi Islanders
ncaab_ou,Texas A&M Commerce Lions,Texas AM Commerce Lions
ncaab_ou,UTRGV Vaqueros,UT Rio Grande Valley Vaqueros
ncaab_ou,A&M-Corpus Christi,Texas AM Corpus Christi Islanders
ncaab_ou,Abilene Christian,Abilene Christian Wildcats
ncaab_ou,Abilene Christian Wildcats,Abilene Christian Wildcats
ncaab_ou,Air Force,Air Force Falcons
ncaab_ou,Air Force Falcons,Air Force Falcons
ncaab_ou,Akron,Akron Zips
ncaab_ou,Akron Zips,Akron Zips
ncaab_ou,Alabama,Alabama Crimson Tide
ncaab_ou,Alabama A&M,Alabama AM Bulldogs
ncaab_ou,Alabama A&M Bulldogs,Alabama AM Bulldogs
ncaab_ou,Alabama Crimson Tide,Alabama Crimson Tide
ncaab_ou,Alabama State,Alabama State Hornets
ncaab_ou,Alabama State Hornets,Alabama State Hornets
ncaab_ou,Albany,Albany Great Danes
ncaab_ou,Albany Great Danes,Albany Great Danes
ncaab_ou,Albany NY,Albany Great Danes
ncaab_ou,Alcorn,Alcorn State Braves
ncaab_ou,Alcorn State,Alcorn State Braves
ncaab_ou,Alcorn State Braves,Alcorn State Braves
ncaab_ou,American,American University Eagles
ncaab_ou,American University Eagles,American University Eagles
ncaab_ou,Appalachian State,Appalachian State Mountaineers
ncaab_ou,Appalachian State Mountaineers,Appalachian State Mountaineers
ncaab_ou,Arizona,Arizona Wildcats
ncaab_ou,Arizona State,Arizona State Sun Devils
ncaab_ou,Arizona State Sun Devils,Arizona State Sun Devils
ncaab_ou,Arizona Wildcats,Arizona Wildcats
ncaab_ou,Ark Pine Bluff,Arkansas Pine Bluff Golden Lions
ncaab_ou,Arkansas,Arkansas Razorbacks
ncaab_ou,Arkansas Pine Bluff Golden Lions,Arkansas Pine Bluff Golden Lions
ncaab_ou,Arkansas Razorbacks,Arkansas Razorbacks
ncaab_ou,Arkansas State,Arkansas State Red Wolves
ncaab_ou,Arkansas State Red Wolves,Arkansas State Red Wolves
ncaab_ou,Arkansas-Pine Bluff,Arkansas Pine Bluff Golden Lions
ncaab_ou,Army,Army Black Knights
ncaab_ou,Army Black Knights,Army Black Knights
ncaab_ou,Auburn,Auburn Tigers
ncaab_ou,Auburn Tigers,Auburn Tigers
ncaab_ou,Austin Peay,Austin Peay Governors
ncaab_ou,Austin Peay Governors,Austin Peay Governors
ncaab_ou,BYU,Brigham Young Cougars
ncaab_ou,Ball State,Ball State Cardinals
ncaab_ou,Ball State Cardinals,Ball State Cardinals
ncaab_ou,Baylor,Baylor Bears
ncaab_ou,Baylor Bears,Baylor Bears
ncaab_ou,Bellarmine,Bellarmine Knights
ncaab_ou,Bellarmine Knights,Bellarmine Knights
ncaab_ou,Belmont,Belmont Bruins
ncaab_ou,Belmont Bruins,Belmont Bruins
ncaab_ou,Bethune Cookman,Bethune Cookman Wildcats
ncaab_ou,Bethune Cookman Wildcats,Bethune Cookman Wildcats
ncaab_ou,Bethune-Cookman,Bethune Cookman Wildcats
ncaab_ou,Bethune-Cookman Wildcats,Bethune Cookman Wildcats
ncaab_ou,Binghamton,Binghamton Bearcats
ncaab_ou,Binghamton Bearcats,Binghamton Bearcats
ncaab_ou,Boise State,Boise State Broncos
ncaab_ou,Boise State Broncos,Boise State Broncos
ncaab_ou,Boston College,Boston College Eagles
ncaab_ou,Boston College Eagles,Boston College Eagles
ncaab_ou,Boston University,Boston University Terriers
ncaab_ou,Boston University Terriers,Boston University Terriers
ncaab_ou,Bowling Green,Bowling Green Falcons
ncaab_ou,Bowling Green Falcons,Bowling Green Falcons
ncaab_ou,Bradley,Bradley University Braves
ncaab_ou,Bradley University Braves,Bradley University Braves
ncaab_ou,Brigham Young Cougars,Brigham Young Cougars
ncaab_ou,Brown,Brown Bears
ncaab_ou,Brown Bears,Brown Bears
ncaab_ou,Bryant,Bryant Bulldogs
ncaab_ou,Bryant Bulldogs,Bryant Bulldogs
ncaab_ou,Bucknell,Bucknell Bison
ncaab_ou,Bucknell Bison,Bucknell Bison
ncaab_ou,Buffalo,Buffalo Bulls
ncaab_ou,Buffalo Bulls,Buffalo Bulls
ncaab_ou,Butler,Butler Bulldogs
ncaab_ou,Butler Bulldogs,Butler Bulldogs
ncaab_ou,CSU Bakersfield,California State Bakersfield Roadrunners
ncaab_ou,CSU Bakersfield Roadrunners,California State Bakersfield Roadrunners
ncaab_ou,CSUN,Cal State Northridge Matadors
ncaab_ou,Cal Poly,Cal Poly Mustangs
ncaab_ou,Cal Poly Mustangs,Cal Poly Mustangs
ncaab_ou,Cal State Fullerton,Cal State Fullerton Titans
ncaab_ou,Cal State Fullerton Titans,Cal State Fullerton Titans
ncaab_ou,Cal State Northridge Matadors,Cal State Northridge Matadors
ncaab_ou,California,California Golden Bears
ncaab_ou,California Baptist,California Baptist Lancers
ncaab_ou,California Baptist Lancers,California Baptist Lancers
ncaab_ou,California Golden Bears,California Golden Bears
ncaab_ou,California State Bakersfield Roadrunners,California State Bakersfield Roadrunners
ncaab_ou,Campbell,Campbell Fighting Camels
ncaab_ou,Campbell Fighting Camels,Campbell Fighting Camels
ncaab_ou,Canisius,Canisius Golden Griffins
ncaab_ou,Canisius Golden Griffins,Canisius Golden Griffins
ncaab_ou,Central Arkansas,Central Arkansas Bears
ncaab_ou,Central Arkansas Bears,Central Arkansas Bears
ncaab_ou,Central Connecticut Blue Devils,Central Connecticut State Blue Devils
ncaab_ou,Central Connecticut State,Central Connecticut State Blue Devils
ncaab_ou,Central Connecticut State Blue Devils,Central Connecticut State Blue Devils
ncaab_ou,Central Michigan,Central Michigan Chippewas
ncaab_ou,Central Michigan Chippewas,Central Michigan Chippewas
ncaab_ou,Charleston,Charleston Cougars
ncaab_ou,Charleston Cougars,Charleston Cougars
ncaab_ou,Charleston Southern,Charleston Southern Buccaneers
ncaab_ou,Charleston Southern Buccaneers,Charleston Southern Buccaneers
ncaab_ou,Charlotte,Charlotte 49ers
ncaab_ou,Charlotte 49ers,Charlotte 49ers
ncaab_ou,Chattanooga,Chattanooga Mocs
ncaab_ou,Chattanooga Mocs,Chattanooga Mocs
ncaab_ou,Chicago State,Chicago State Cougars
ncaab_ou,Chicago State Cougars,Chicago State Cougars
ncaab_ou,Cincinnati,Cincinnati Bearcats
ncaab_ou,Cincinnati Bearcats,Cincinnati Bearcats
ncaab_ou,Citadel Bulldogs,The Citadel Bulldogs
ncaab_ou,Clemson,Clemson Tigers
ncaab_ou,Clemson Tigers,Clemson Tigers
ncaab_ou,Cleveland State,Cleveland State Vikings
ncaab_ou,Cleveland State Vikings,Cleveland State Vikings
ncaab_ou,Coastal Carolina,Coastal Carolina Chanticleers
ncaab_ou,Coastal Carolina Chanticleers,Coastal Carolina Chanticleers
ncaab_ou,Colgate,Colgate Raiders
ncaab_ou,Colgate Raiders,Colgate Raiders
ncaab_ou,Colorado,Colorado Buffaloes
ncaab_ou,Colorado Buffaloes,Colorado Buffaloes
ncaab_ou,Colorado State,Colorado State Rams
ncaab_ou,Colorado State Rams,Colorado State Rams
ncaab_ou,Columbia,Columbia Lions
ncaab_ou,Columbia Lions,Columbia Lions
ncaab_ou,Connecticut Huskies,Connecticut Huskies
ncaab_ou,Coppin State,Coppin State Eagles
ncaab_ou,Coppin State Eagles,Coppin State Eagles
ncaab_ou,Cornell,Cornell Big Red
ncaab_ou,Cornell Big Red,Cornell Big Red
ncaab_ou,Creighton,Creighton Bluejays
ncaab_ou,Creighton Bluejays,Creighton Bluejays
ncaab_ou,Dartmouth,Dartmouth Big Green
ncaab_ou,Dartmouth Big Green,Dartmouth Big Green
ncaab_ou,Davidson,Davidson Wildcats
ncaab_ou,Davidson Wildcats,Davidson Wildcats
ncaab_ou,Dayton,Dayton Flyers
ncaab_ou,Dayton Flyers,Dayton Flyers
ncaab_ou,DePaul,DePaul Blue Demons
ncaab_ou,DePaul Blue Demons,DePaul Blue Demons
ncaab_ou,Delaware,Delaware Fightin Blue Hens
ncaab_ou,Delaware Fightin' Blue Hens,Delaware Fightin Blue Hens
ncaab_ou,Delaware State,Delaware State Hornets
ncaab_ou,Delaware State Hornets,Delaware State Hornets
ncaab_ou,Denver,Denver Pioneers
ncaab_ou,Denver Pioneers,Denver Pioneers
ncaab_ou,Detroit Mercy,Detroit Titans
ncaab_ou,Detroit Titans,Detroit Titans
ncaab_ou,Drake,Drake Bulldogs
ncaab_ou,Drake Bulldogs,Drake Bulldogs
ncaab_ou,Drexel,Drexel Dragons
ncaab_ou,Drexel Dragons,Drexel Dragons
ncaab_ou,Duke,Duke Blue Devils
ncaab_ou,Duke Blue Devils,Duke Blue Devils
ncaab_ou,Duquesne,Duquesne Dukes
ncaab_ou,Duquesne Dukes,Duquesne Dukes
ncaab_ou,ETSU,East Tennessee State Buccaneers
ncaab_ou,East Carolina,East Carolina Pirates
ncaab_ou,East Carolina Pirates,East Carolina Pirates
ncaab_ou,East Tennessee State Buccaneers,East Tennessee State Buccaneers
ncaab_ou,East Texas A&M,Texas AM Commerce Lions
ncaab_ou,East Texas A&M Lions,Texas AM Commerce Lions
ncaab_ou,Eastern Illinois,Eastern Illinois Panthers
ncaab_ou,Eastern Illinois Panthers,Eastern Illinois Panthers
ncaab_ou,Eastern Kentucky,Eastern Kentucky Colonels
ncaab_ou,Eastern Kentucky Colonels,Eastern Kentucky Colonels
ncaab_ou,Eastern Michigan,Eastern Michigan Eagles
ncaab_ou,Eastern Michigan Eagles,Eastern Michigan Eagles
ncaab_ou,Eastern Washington,Eastern Washington Eagles
ncaab_ou,Eastern Washington Eagles,Eastern Washington Eagles
ncaab_ou,Elon,Elon Phoenix
ncaab_ou,Elon Phoenix,Elon Phoenix
ncaab_ou,Evansville,Evansville Purple Aces
ncaab_ou,Evansville Purple Aces,Evansville Purple Aces
ncaab_ou,FIU,FIU Golden Panthers
ncaab_ou,FIU Golden Panthers,FIU Golden Panthers
ncaab_ou,Fairfield,Fairfield Stags
ncaab_ou,Fairfield Stags,Fairfield Stags
ncaab_ou,Fairleigh Dickinson,Fairleigh Dickinson Knights
ncaab_ou,Fairleigh Dickinson Knights,Fairleigh Dickinson Knights
ncaab_ou,Florida,Florida Gators
ncaab_ou,Florida A&M,Florida AM Rattlers
ncaab_ou,Florida A&M Rattlers,Florida AM Rattlers
ncaab_ou,Florida Atlantic,Florida Atlantic Owls
ncaab_ou,Florida Atlantic Owls,Florida Atlantic Owls
ncaab_ou,Florida Gators,Florida Gators
ncaab_ou,Florida Gulf Coast,Florida Gulf Coast Eagles
ncaab_ou,Florida Gulf Coast Eagles,Florida Gulf Coast Eagles
ncaab_ou,Florida State,Florida State Seminoles
ncaab_ou,Florida State Seminoles,Florida State Seminoles
ncaab_ou,Fordham,Fordham Rams
ncaab_ou,Fordham Rams,Fordham Rams
ncaab_ou,Fresno State,Fresno State Bulldogs
ncaab_ou,Fresno State Bulldogs,Fresno State Bulldogs
ncaab_ou,Furman,Furman Paladins
ncaab_ou,Furman Paladins,Furman Paladins
ncaab_ou,Gardner Webb Runnin' Bulldogs,Gardner Webb Runnin Bulldogs
ncaab_ou,Gardner-Webb,Gardner Webb Runnin Bulldogs
ncaab_ou,George Mason,George Mason Patriots
ncaab_ou,George Mason Patriots,George Mason Patriots
ncaab_ou,George Washington,George Washington Colonials
ncaab_ou,George Washington Colonials,George Washington Colonials
ncaab_ou,Georgetown,Georgetown Hoyas
ncaab_ou,Georgetown Hoyas,Georgetown Hoyas
ncaab_ou,Georgia,Georgia Bulldogs
ncaab_ou,Georgia Bulldogs,Georgia Bulldogs
ncaab_ou,Georgia Southern,Georgia Southern Eagles
ncaab_ou,Georgia Southern Eagles,Georgia Southern Eagles
ncaab_ou,Georgia State,Georgia State Panthers
ncaab_ou,Georgia State Panthers,Georgia State Panthers
ncaab_ou,Georgia Tech,Georgia Tech Yellow Jackets
ncaab_ou,Georgia Tech Yellow Jackets,Georgia Tech Yellow Jackets
ncaab_ou,Gonzaga,Gonzaga Bulldogs
ncaab_ou,Gonzaga Bulldogs,Gonzaga Bulldogs
ncaab_ou,Grambling,Grambling State Tigers
ncaab_ou,Grambling State Tigers,Grambling State Tigers
ncaab_ou,Grand Canyon,Grand Canyon Antelopes
ncaab_ou,Grand Canyon Antelopes,Grand Canyon Antelopes
ncaab_ou,Green Bay,Wisconsin Green Bay Phoenix
ncaab_ou,Hampton,Hampton Pirates
ncaab_ou,Hampton Pirates,Hampton Pirates
ncaab_ou,Harvard,Harvard Crimson
ncaab_ou,Harvard Crimson,Harvard Crimson
ncaab_ou,High Point,High Point Panthers
ncaab_ou,High Point Panthers,High Point Panthers
ncaab_ou,Hofstra,Hofstra Pride
ncaab_ou,Hofstra Pride,Hofstra Pride
ncaab_ou,Holy Cross,Holy Cross Crusaders
ncaab_ou,Holy Cross Crusaders,Holy Cross Crusaders
ncaab_ou,Houston,Houston Cougars
ncaab_ou,Houston Christian,Houston Christian Huskies
ncaab_ou,Houston Christian Huskies,Houston Christian Huskies
ncaab_ou,Houston Cougars,Houston Cougars
ncaab_ou,Howard,Howard Bison
ncaab_ou,Howard Bison,Howard Bison
ncaab_ou,IPFW,Purdue Fort Wayne Mastodons
ncaab_ou,IPFW Mastodons,Purdue Fort Wayne Mastodons
ncaab_ou,IU Indianapolis,IU Indianapolis Jaguars
ncaab_ou,IU Indianapolis Jaguars,IU Indianapolis Jaguars
ncaab_ou,IUPUI,IU Indianapolis Jaguars
ncaab_ou,IUPUI Jaguars,IU Indianapolis Jaguars
ncaab_ou,Idaho,Idaho Vandals
ncaab_ou,Idaho State,Idaho State Bengals
ncaab_ou,Idaho State Bengals,Idaho State Bengals
ncaab_ou,Idaho Vandals,Idaho Vandals
ncaab_ou,Illinois,Illinois Fighting Illini
ncaab_ou,Illinois Chicago,Illinois Chicago
ncaab_ou,Illinois Fighting Illini,Illinois Fighting Illini
ncaab_ou,Illinois State,Illinois State Redbirds
ncaab_ou,Illinois State Redbirds,Illinois State Redbirds
ncaab_ou,Incarnate Word,Incarnate Word Cardinals
ncaab_ou,Incarnate Word Cardinals,Incarnate Word Cardinals
ncaab_ou,Indiana,Indiana Hoosiers
ncaab_ou,Indiana Hoosiers,Indiana Hoosiers
ncaab_ou,Indiana State,Indiana State Sycamores
ncaab_ou,Indiana State Sycamores,Indiana State Sycamores
ncaab_ou,Iona,Iona Gaels
ncaab_ou,Iona Gaels,Iona Gaels
ncaab_ou,Iowa,Iowa Hawkeyes
ncaab_ou,Iowa Hawkeyes,Iowa Hawkeyes
ncaab_ou,Iowa State,Iowa State Cyclones
ncaab_ou,Iowa State Cyclones,Iowa State Cyclones
ncaab_ou,Jackson State,Jackson State Tigers
ncaab_ou,Jackson State Tigers,Jackson State Tigers
ncaab_ou,Jacksonville,Jacksonville Dolphins
ncaab_ou,Jacksonville Dolphins,Jacksonville Dolphins
ncaab_ou,Jacksonville State,Jacksonville State Gamecocks
ncaab_ou,Jacksonville State Gamecocks,Jacksonville State Gamecocks
ncaab_ou,James Madison,James Madison Dukes
ncaab_ou,James Madison Dukes,James Madison Dukes
ncaab_ou,Kansas,Kansas Jayhawks
ncaab_ou,Kansas Jayhawks,Kansas Jayhawks
ncaab_ou,Kansas State,Kansas State Wildcats
ncaab_ou,Kansas State Wildcats,Kansas State Wildcats
ncaab_ou,Kennesaw State,Kennesaw State Owls
ncaab_ou,Kennesaw State Owls,Kennesaw State Owls
ncaab_ou,Kent State,Kent State Golden Flashes
ncaab_ou,Kent State Golden Flashes,Kent State Golden Flashes
ncaab_ou,Kentucky,Kentucky Wildcats
ncaab_ou,Kentucky Wildcats,Kentucky Wildcats
ncaab_ou,LIU,LIU Sharks
ncaab_ou,LIU Sharks,LIU Sharks
ncaab_ou,LSU,LSU Tigers
ncaab_ou,LSU Tigers,LSU Tigers
ncaab_ou,La Salle,La Salle Explorers
ncaab_ou,La Salle Explorers,La Salle Explorers
ncaab_ou,Lafayette,Lafayette Leopards
ncaab_ou,Lafayette Leopards,Lafayette Leopards
ncaab_ou,Lamar,Lamar Cardinals
ncaab_ou,Lamar Cardinals,Lamar Cardinals
ncaab_ou,Le Moyne,Le Moyne Dolphins
ncaab_ou,Le Moyne Dolphins,Le Moyne Dolphins
ncaab_ou,Lehigh,Lehigh Mountain Hawks
ncaab_ou,Lehigh Mountain Hawks,Lehigh Mountain Hawks
ncaab_ou,Liberty,Liberty Flames
ncaab_ou,Liberty Flames,Liberty Flames
ncaab_ou,Lindenwood,Lindenwood Lions
ncaab_ou,Lindenwood Lions,Lindenwood Lions
ncaab_ou,Lipscomb,Lipscomb Bisons
ncaab_ou,Lipscomb Bisons,Lipscomb Bisons
ncaab_ou,Little Rock,Little Rock Trojans
ncaab_ou,Little Rock Trojans,Little Rock Trojans
ncaab_ou,Long Beach State,Long Beach State 49ers
ncaab_ou,Long Beach State 49ers,Long Beach State 49ers
ncaab_ou,Longwood,Longwood Lancers
ncaab_ou,Longwood Lancers,Longwood Lancers
ncaab_ou,Louisiana Monroe Warhawks,Louisiana Monroe Warhawks
ncaab_ou,Louisiana Tech,Louisiana Tech Bulldogs
ncaab_ou,Louisiana Tech Bulldogs,Louisiana Tech Bulldogs
ncaab_ou,Louisville,Louisville Cardinals
ncaab_ou,Louisville Cardinals,Louisville Cardinals
ncaab_ou,Loyola Chicago,Loyola Chicago Ramblers
ncaab_ou,Loyola Chicago Ramblers,Loyola Chicago Ramblers
ncaab_ou,Loyola Maryland,Loyola Maryland Greyhounds
ncaab_ou,Loyola Maryland Greyhounds,Loyola Maryland Greyhounds
ncaab_ou,Loyola Marymount,Loyola Marymount Lions
ncaab_ou,Loyola Marymount Lions,Loyola Marymount Lions
ncaab_ou,MD Eastern Shore,Maryland Eastern Shore Hawks
ncaab_ou,Maine,Maine Black Bears
ncaab_ou,Maine Black Bears,Maine Black Bears
ncaab_ou,Manhattan,Manhattan Jaspers
ncaab_ou,Manhattan Jaspers,Manhattan Jaspers
ncaab_ou,Marist,Marist Red Foxes
ncaab_ou,Marist Red Foxes,Marist Red Foxes
ncaab_ou,Marquette,Marquette Golden Eagles
ncaab_ou,Marquette Golden Eagles,Marquette Golden Eagles
ncaab_ou,Marshall,Marshall Thundering Herd
ncaab_ou,Marshall Thundering Herd,Marshall Thundering Herd
ncaab_ou,Maryland,Maryland Terrapins
ncaab_ou,Maryland Eastern Shore Hawks,Maryland Eastern Shore Hawks
ncaab_ou,Maryland Terrapins,Maryland Terrapins
ncaab_ou,McNeese,McNeese State Cowboys
ncaab_ou,McNeese State,McNeese State Cowboys
ncaab_ou,McNeese State Cowboys,McNeese State Cowboys
ncaab_ou,Memphis,Memphis Tigers
ncaab_ou,Memphis Tigers,Memphis Tigers
ncaab_ou,Mercer,Mercer Bears
ncaab_ou,Mercer Bears,Mercer Bears
ncaab_ou,Mercyhurst,Mercyhurst Lakers
ncaab_ou,Mercyhurst Lakers,Mercyhurst Lakers
ncaab_ou,Merrimack,Merrimack Warriors
ncaab_ou,Merrimack Warriors,Merrimack Warriors
ncaab_ou,Miami FL,Miami Hurricanes
ncaab_ou,Miami Hurricanes,Miami Hurricanes
ncaab_ou,Miami OH,Miami RedHawks
ncaab_ou,Miami RedHawks,Miami RedHawks
ncaab_ou,Michigan,Michigan Wolverines
ncaab_ou,Michigan State,Michigan State Spartans
ncaab_ou,Michigan State Spartans,Michigan State Spartans
ncaab_ou,Michigan Wolverines,Michigan Wolverines
ncaab_ou,Middle Tennessee,Middle Tennessee Blue Raiders
ncaab_ou,Middle Tennessee Blue Raiders,Middle Tennessee Blue Raiders
ncaab_ou,Milwaukee,Wisconsin Milwaukee Panthers
ncaab_ou,Minnesota,Minnesota Golden Gophers
ncaab_ou,Minnesota Golden Gophers,Minnesota Golden Gophers
ncaab_ou,Mississippi State,Mississippi State Bulldogs
ncaab_ou,Mississippi State Bulldogs,Mississippi State Bulldogs
ncaab_ou,Mississippi Valley,Mississippi Valley State Delta Devils
ncaab_ou,Mississippi Valley State Delta Devils,Mississippi Valley State Delta Devils
ncaab_ou,Missouri,Missouri Tigers
ncaab_ou,Missouri State,Missouri State Bears
ncaab_ou,Missouri State Bears,Missouri State Bears
ncaab_ou,Missouri Tigers,Missouri Tigers
ncaab_ou,Monmouth,Monmouth Hawks
ncaab_ou,Monmouth Hawks,Monmouth Hawks
ncaab_ou,Montana,Montana Grizzlies
ncaab_ou,Montana Grizzlies,Montana Grizzlies
ncaab_ou,Montana State,Montana State Bobcats
ncaab_ou,Montana State Bobcats,Montana State Bobcats
ncaab_ou,Morehead State,Morehead State Eagles
ncaab_ou,Morehead State Eagles,Morehead State Eagles
ncaab_ou,Morgan State,Morgan State Bears
ncaab_ou,Morgan State Bears,Morgan State Bears
ncaab_ou,Mount Saint Marys,Mount St Marys Mountaineers
ncaab_ou,Mount St. Mary's,Mount St Marys Mountaineers
ncaab_ou,Mount St. Mary's Mountaineers,Mount St Marys Mountaineers
ncaab_ou,Murray State,Murray State Racers
ncaab_ou,Murray State Racers,Murray State Racers
ncaab_ou,NC Central,North Carolina Central Eagles
ncaab_ou,NC State,NC State Wolfpack
ncaab_ou,NC State Wolfpack,NC State Wolfpack
ncaab_ou,NJIT,NJIT Highlanders
ncaab_ou,NJIT Highlanders,NJIT Highlanders
ncaab_ou,Navy,Navy Midshipmen
ncaab_ou,Navy Midshipmen,Navy Midshipmen
ncaab_ou,Nebraska,Nebraska Cornhuskers
ncaab_ou,Nebraska Cornhuskers,Nebraska Cornhuskers
ncaab_ou,Nevada,Nevada Wolf Pack
ncaab_ou,Nevada Wolf Pack,Nevada Wolf Pack
ncaab_ou,New Hampshire,New Hampshire Wildcats
ncaab_ou,New Hampshire Wildcats,New Hampshire Wildcats
ncaab_ou,New Haven,New Haven Chargers
ncaab_ou,New Haven Chargers,New Haven Chargers
ncaab_ou,New Mexico,New Mexico Lobos
ncaab_ou,New Mexico Lobos,New Mexico Lobos
ncaab_ou,New Mexico State,New Mexico State Aggies
ncaab_ou,New Mexico State Aggies,New Mexico State Aggies
ncaab_ou,New Orleans,New Orleans Privateers
ncaab_ou,New Orleans Privateers,New Orleans Privateers
ncaab_ou,Niagara,Niagara Purple Eagles
ncaab_ou,Niagara Purple Eagles,Niagara Purple Eagles
ncaab_ou,Nicholls State,Nicholls State Colonels
ncaab_ou,Nicholls State Colonels,Nicholls State Colonels
ncaab_ou,Norfolk State,Norfolk State Spartans
ncaab_ou,Norfolk State Spartans,Norfolk State Spartans
ncaab_ou,North Alabama,North Alabama Lions
ncaab_ou,North Alabama Lions,North Alabama Lions
ncaab_ou,North Carolina,North Carolina Tar Heels
ncaab_ou,North Carolina A&T,North Carolina AT Aggies
ncaab_ou,North Carolina A&T Aggies,North Carolina AT Aggies
ncaab_ou,North Carolina Central Eagles,North Carolina Central Eagles
ncaab_ou,North Carolina Tar Heels,North Carolina Tar Heels
ncaab_ou,North Dakota,North Dakota Fighting Hawks
ncaab_ou,North Dakota Fighting Hawks,North Dakota Fighting Hawks
ncaab_ou,North Dakota State,North Dakota State Bison
ncaab_ou,North Dakota State Bison,North Dakota State Bison
ncaab_ou,North Florida,North Florida Ospreys
ncaab_ou,North Florida Ospreys,North Florida Ospreys
ncaab_ou,North Texas,North Texas Mean Green
ncaab_ou,North Texas Mean Green,North Texas Mean Green
ncaab_ou,Northeastern,Northeastern Huskies
ncaab_ou,Northeastern Huskies,Northeastern Huskies
ncaab_ou,Northern Arizona,Northern Arizona Lumberjacks
ncaab_ou,Northern Arizona Lumberjacks,Northern Arizona Lumberjacks
ncaab_ou,Northern Colorado,Northern Colorado Bears
ncaab_ou,Northern Colorado Bears,Northern Colorado Bears
ncaab_ou,Northern Illinois,Northern Illinois Huskies
ncaab_ou,Northern Illinois Huskies,Northern Illinois Huskies
ncaab_ou,Northern Iowa,Northern Iowa Panthers
ncaab_ou,Northern Iowa Panthers,Northern Iowa Panthers
ncaab_ou,Northern Kentucky,Northern Kentucky Norse
ncaab_ou,Northern Kentucky Norse,Northern Kentucky Norse
ncaab_ou,Northwestern,Northwestern Wildcats
ncaab_ou,Northwestern State,Northwestern State Demons
ncaab_ou,Northwestern State Demons,Northwestern State Demons
ncaab_ou,Northwestern Wildcats,Northwestern Wildcats
ncaab_ou,Notre Dame,Notre Dame Fighting Irish
ncaab_ou,Notre Dame Fighting Irish,Notre Dame Fighting Irish
ncaab_ou,Oakland,Oakland Golden Grizzlies
ncaab_ou,Oakland Golden Grizzlies,Oakland Golden Grizzlies
ncaab_ou,Ohio,Ohio Bobcats
ncaab_ou,Ohio Bobcats,Ohio Bobcats
ncaab_ou,Ohio State,Ohio State Buckeyes
ncaab_ou,Ohio State Buckeyes,Ohio State Buckeyes
ncaab_ou,Oklahoma,Oklahoma Sooners
ncaab_ou,Oklahoma Sooners,Oklahoma Sooners
ncaab_ou,Oklahoma State,Oklahoma State Cowboys
ncaab_ou,Oklahoma State Cowboys,Oklahoma State Cowboys
ncaab_ou,Old Dominion,Old Dominion Monarchs
ncaab_ou,Old Dominion Monarchs,Old Dominion Monarchs
ncaab_ou,Ole Miss,Ole Miss Rebels
ncaab_ou,Ole Miss Rebels,Ole Miss Rebels
ncaab_ou,Omaha,Omaha Mavericks
ncaab_ou,Omaha Mavericks,Omaha Mavericks
ncaab_ou,Oral Roberts,Oral Roberts Golden Eagles
ncaab_ou,Oral Roberts Golden Eagles,Oral Roberts Golden Eagles
ncaab_ou,Oregon,Oregon Ducks
ncaab_ou,Oregon Ducks,Oregon Ducks
ncaab_ou,Oregon State,Oregon State Beavers
ncaab_ou,Oregon State Beavers,Oregon State Beavers
ncaab_ou,Pacific,Pacific Tigers
ncaab_ou,Pacific Tigers,Pacific Tigers
ncaab_ou,Penn,Penn Quakers
ncaab_ou,Penn Quakers,Penn Quakers
ncaab_ou,Penn State,Penn State Nittany Lions
ncaab_ou,Penn State Nittany Lions,Penn State Nittany Lions
ncaab_ou,Pepperdine,Pepperdine Waves
ncaab_ou,Pepperdine Waves,Pepperdine Waves
ncaab_ou,Pitt,Pitt Panthers
ncaab_ou,Pitt Panthers,Pitt Panthers
ncaab_ou,Pittsburgh,Pitt Panthers
ncaab_ou,Portland,Portland Pilots
ncaab_ou,Portland Pilots,Portland Pilots
ncaab_ou,Portland State,Portland State Vikings
ncaab_ou,Portland State Vikings,Portland State Vikings
ncaab_ou,Prairie View A&M,Prairie View AM Panthers
ncaab_ou,Prairie View A&M Panthers,Prairie View AM Panthers
ncaab_ou,Presbyterian,Presbyterian Blue Hose
ncaab_ou,Presbyterian Blue Hose,Presbyterian Blue Hose
ncaab_ou,Princeton,Princeton Tigers
ncaab_ou,Princeton Tigers,Princeton Tigers
ncaab_ou,Providence,Providence Friars
ncaab_ou,Providence Friars,Providence Friars
ncaab_ou,Purdue,Purdue Boilermakers
ncaab_ou,Purdue Boilermakers,Purdue Boilermakers
ncaab_ou,Purdue Fort Wayne,Purdue Fort Wayne Mastodons
ncaab_ou,Purdue Fort Wayne Mastodons,Purdue Fort Wayne Mastodons
ncaab_ou,Queens,Queens Royals
ncaab_ou,Queens NC,Queens Royals
ncaab_ou,Queens Royals,Queens Royals
ncaab_ou,Quinnipiac,Quinnipiac Bobcats
ncaab_ou,Quinnipiac Bobcats,Quinnipiac Bobcats
ncaab_ou,Rhode Island,Rhode Island Rams
ncaab_ou,Rhode Island Rams,Rhode Island Rams
ncaab_ou,Rice,Rice Owls
ncaab_ou,Rice Owls,Rice Owls
ncaab_ou,Richmond,Richmond Spiders
ncaab_ou,Richmond Spiders,Richmond Spiders
ncaab_ou,Rider,Rider Broncs
ncaab_ou,Rider Broncs,Rider Broncs
ncaab_ou,Robert Morris,Robert Morris Colonials
ncaab_ou,Robert Morris Colonials,Robert Morris Colonials
ncaab_ou,SE Louisiana,Southeastern Louisiana Lions
ncaab_ou,SE Missouri State,Southeast Missouri State Redhawks
ncaab_ou,SE Missouri State Redhawks,Southeast Missouri State Redhawks
ncaab_ou,SIU Edwardsville,SIU Edwardsville Cougars
ncaab_ou,SIU Edwardsville Cougars,SIU Edwardsville Cougars
ncaab_ou,SMU,SMU Mustangs
ncaab_ou,SMU Mustangs,SMU Mustangs
ncaab_ou,Sacramento State,Sacramento State Hornets
ncaab_ou,Sacramento State Hornets,Sacramento State Hornets
ncaab_ou,Sacred Heart,Sacred Heart Pioneers
ncaab_ou,Sacred Heart Pioneers,Sacred Heart Pioneers
ncaab_ou,Saint Bonaventure,Saint Bonaventure Bonnies
ncaab_ou,Saint Bonaventure Bonnies,Saint Bonaventure Bonnies
ncaab_ou,Saint Francis (PA) Red Flash,Saint Francis PA Red Flash
ncaab_ou,Saint Francis PA,Saint Francis PA Red Flash
ncaab_ou,Saint Joseph's,Saint Josephs Hawks
ncaab_ou,Saint Joseph's Hawks,Saint Josephs Hawks
ncaab_ou,Saint Josephs,Saint Josephs Hawks
ncaab_ou,Saint Mary's College Gaels,Saint Marys College Gaels
ncaab_ou,Saint Marys,Saint Marys College Gaels
ncaab_ou,Saint Peter's,Saint Peters Peacocks
ncaab_ou,Saint Peter's Peacocks,Saint Peters Peacocks
ncaab_ou,Saint Peters,Saint Peters Peacocks
ncaab_ou,Saint Thomas MN,St Thomas Tommies
ncaab_ou,Sam Houston State,Sam Houston State Bearkats
ncaab_ou,Sam Houston State Bearkats,Sam Houston State Bearkats
ncaab_ou,Samford,Samford Bulldogs
ncaab_ou,Samford Bulldogs,Samford Bulldogs
ncaab_ou,San Diego,San Diego Toreros
ncaab_ou,San Diego State,San Diego State Aztecs
ncaab_ou,San Diego State Aztecs,San Diego State Aztecs
ncaab_ou,San Diego Toreros,San Diego Toreros
ncaab_ou,San Francisco,San Francisco Dons
ncaab_ou,San Francisco Dons,San Francisco Dons
ncaab_ou,San Jose State,San Jose State Spartans
ncaab_ou,San Jose State Spartans,San Jose State Spartans
ncaab_ou,Santa Clara,Santa Clara Broncos
ncaab_ou,Santa Clara Broncos,Santa Clara Broncos
ncaab_ou,Seattle,Seattle Redhawks
ncaab_ou,Seattle Redhawks,Seattle Redhawks
ncaab_ou,Seton Hall,Seton Hall Pirates
ncaab_ou,Seton Hall Pirates,Seton Hall Pirates
ncaab_ou,Siena,Siena Saints
ncaab_ou,Siena Saints,Siena Saints
ncaab_ou,South Carolina,South Carolina Gamecocks
ncaab_ou,South Carolina Gamecocks,South Carolina Gamecocks
ncaab_ou,South Carolina State,South Carolina State Bulldogs
ncaab_ou,South Carolina State Bulldogs,South Carolina State Bulldogs
ncaab_ou,South Dakota,South Dakota Coyotes
ncaab_ou,South Dakota Coyotes,South Dakota Coyotes
ncaab_ou,South Dakota State,South Dakota State Jackrabbits
ncaab_ou,South Dakota State Jackrabbits,South Dakota State Jackrabbits
ncaab_ou,South Florida,South Florida Bulls
ncaab_ou,South Florida Bulls,South Florida Bulls
ncaab_ou,Southeast Missouri State Redhawks,Southeast Missouri State Redhawks
ncaab_ou,Southeastern Louisiana,Southeastern Louisiana Lions
ncaab_ou,Southeastern Louisiana Lions,Southeastern Louisiana Lions
ncaab_ou,Southern Illinois,Southern Illinois Salukis
ncaab_ou,Southern Illinois Salukis,Southern Illinois Salukis
ncaab_ou,Southern Indiana,Southern Indiana Screaming Eagles
ncaab_ou,Southern Indiana Screaming Eagles,Southern Indiana Screaming Eagles
ncaab_ou,Southern Miss,Southern Miss Golden Eagles
ncaab_ou,Southern Miss Golden Eagles,Southern Miss Golden Eagles
ncaab_ou,Southern University,Southern University Jaguars
ncaab_ou,Southern University Jaguars,Southern University Jaguars
ncaab_ou,Southern Utah,Southern Utah Thunderbirds
ncaab_ou,Southern Utah Thunderbirds,Southern Utah Thunderbirds
ncaab_ou,St Bonaventure,Saint Bonaventure Bonnies
ncaab_ou,St. Bonaventure,Saint Bonaventure Bonnies
ncaab_ou,St. Francis Red Flash,Saint Francis PA Red Flash
ncaab_ou,St. John's Red Storm,St Johns Red Storm
ncaab_ou,St. Johns,St Johns Red Storm
ncaab_ou,St. Thomas,St Thomas Tommies
ncaab_ou,St. Thomas Tommies,St Thomas Tommies
ncaab_ou,Stanford,Stanford Cardinal
ncaab_ou,Stanford Cardinal,Stanford Cardinal
ncaab_ou,Stephen F. Austin,Stephen F Austin Lumberjacks
ncaab_ou,Stephen F. Austin Lumberjacks,Stephen F Austin Lumberjacks
ncaab_ou,Stetson,Stetson Hatters
ncaab_ou,Stetson Hatters,Stetson Hatters
ncaab_ou,Stonehill,Stonehill Skyhawks
ncaab_ou,Stonehill Skyhawks,Stonehill Skyhawks
ncaab_ou,Stony Brook,Stony Brook Seawolves
ncaab_ou,Stony Brook Seawolves,Stony Brook Seawolves
ncaab_ou,Syracuse,Syracuse Orange
ncaab_ou,Syracuse Orange,Syracuse Orange
ncaab_ou,TCU,TCU Horned Frogs
ncaab_ou,TCU Horned Frogs,TCU Horned Frogs
ncaab_ou,Tarleton State,Tarleton State Texans
ncaab_ou,Tarleton State Texans,Tarleton State Texans
ncaab_ou,Temple,Temple Owls
ncaab_ou,Temple Owls,Temple Owls
ncaab_ou,Tennessee,Tennessee Volunteers
ncaab_ou,Tennessee State,Tennessee State Tigers
ncaab_ou,Tennessee State Tigers,Tennessee State Tigers
ncaab_ou,Tennessee Tech,Tennessee Tech Golden Eagles
ncaab_ou,Tennessee Tech Golden Eagles,Tennessee Tech Golden Eagles
ncaab_ou,Tennessee Volunteers,Tennessee Volunteers
ncaab_ou,Tennessee-Martin Skyhawks,Tennessee Martin Skyhawks
ncaab_ou,Texas,Texas Longhorns
ncaab_ou,Texas A&M,Texas AM Aggies
ncaab_ou,Texas A&M Aggies,Texas AM Aggies
ncaab_ou,Texas A&M CC,Texas AM Corpus Christi Islanders
ncaab_ou,Texas A&M Corpus Christi Islanders,Texas AM Corpus Christi Islanders
ncaab_ou,Texas Longhorns,Texas Longhorns
ncaab_ou,Texas Southern,Texas Southern Tigers
ncaab_ou,Texas Southern Tigers,Texas Southern Tigers
ncaab_ou,Texas State,Texas State Bobcats
ncaab_ou,Texas State Bobcats,Texas State Bobcats
ncaab_ou,Texas Tech,Texas Tech Red Raiders
ncaab_ou,Texas Tech Red Raiders,Texas Tech Red Raiders
ncaab_ou,The Citadel,The Citadel Bulldogs
ncaab_ou,The Citadel Bulldogs,The Citadel Bulldogs
ncaab_ou,Toledo,Toledo Rockets
ncaab_ou,Toledo Rockets,Toledo Rockets
ncaab_ou,Towson,Towson Tigers
ncaab_ou,Towson Tigers,Towson Tigers
ncaab_ou,Troy,Troy Trojans
ncaab_ou,Troy Trojans,Troy Trojans
ncaab_ou,Tulane,Tulane Green Wave
ncaab_ou,Tulane Green Wave,Tulane Green Wave
ncaab_ou,Tulsa,Tulsa Golden Hurricane
ncaab_ou,Tulsa Golden Hurricane,Tulsa Golden Hurricane
ncaab_ou,UAB,UAB Blazers
ncaab_ou,UAB Blazers,UAB Blazers
ncaab_ou,UC Davis,UC Davis Aggies
ncaab_ou,UC Davis Aggies,UC Davis Aggies
ncaab_ou,UC Irvine,UC Irvine Anteaters
ncaab_ou,UC Irvine Anteaters,UC Irvine Anteaters
ncaab_ou,UC Riverside,UC Riverside Highlanders
ncaab_ou,UC Riverside Highlanders,UC Riverside Highlanders
ncaab_ou,UC San Diego,UC San Diego Tritons
ncaab_ou,UC San Diego Tritons,UC San Diego Tritons
ncaab_ou,UC Santa Barbara,UC Santa Barbara Gauchos
ncaab_ou,UC Santa Barbara Gauchos,UC Santa Barbara Gauchos
ncaab_ou,UCF,UCF Knights
ncaab_ou,UCF Knights,UCF Knights
ncaab_ou,UCLA,UCLA Bruins
ncaab_ou,UCLA Bruins,UCLA Bruins
ncaab_ou,UConn,Connecticut Huskies
ncaab_ou,UIC Flames,Illinois Chicago
ncaab_ou,ULM,Louisiana Monroe Warhawks
ncaab_ou,UMBC,UMBC Retrievers
ncaab_ou,UMBC Retrievers,UMBC Retrievers
ncaab_ou,UMKC,UMKC Kangaroos
ncaab_ou,UMKC Kangaroos,UMKC Kangaroos
ncaab_ou,UMass,UMass Minutemen
ncaab_ou,UMass Lowell,UMass Lowell River Hawks
ncaab_ou,UMass Lowell River Hawks,UMass Lowell River Hawks
ncaab_ou,UMass Minutemen,UMass Minutemen
ncaab_ou,UNC,North Carolina Tar Heels
ncaab_ou,UNC Asheville,UNC Asheville Bulldogs
ncaab_ou,UNC Asheville Bulldogs,UNC Asheville Bulldogs
ncaab_ou,UNC Greensboro,UNC Greensboro Spartans
ncaab_ou,UNC Greensboro Spartans,UNC Greensboro Spartans
ncaab_ou,UNC Tar Heels,North Carolina Tar Heels
ncaab_ou,UNC Wilmington,UNC Wilmington Seahawks
ncaab_ou,UNC Wilmington Seahawks,UNC Wilmington Seahawks
ncaab_ou,UNLV,UNLV Rebels
ncaab_ou,UNLV Rebels,UNLV Rebels
ncaab_ou,USC,USC Trojans
ncaab_ou,USC Trojans,USC Trojans
ncaab_ou,UT Arlington,UT Arlington Mavericks
ncaab_ou,UT Arlington Mavericks,UT Arlington Mavericks
ncaab_ou,UT Martin,Tennessee Martin Skyhawks
ncaab_ou,UT Martin Skyhawks,Tennessee Martin Skyhawks
ncaab_ou,UT Rio Grande Valley,UT Rio Grande Valley Vaqueros
ncaab_ou,UT Rio Grande Valley Vaqueros,UT Rio Grande Valley Vaqueros
ncaab_ou,UTEP,UTEP Miners
ncaab_ou,UTEP Miners,UTEP Miners
ncaab_ou,UTRGV,UT Rio Grande Valley Vaqueros
ncaab_ou,UTSA,UTSA Roadrunners
ncaab_ou,UTSA Roadrunners,UTSA Roadrunners
ncaab_ou,Utah,Utah Utes
ncaab_ou,Utah State,Utah State Aggies
ncaab_ou,Utah State Aggies,Utah State Aggies
ncaab_ou,Utah Tech,Utah Tech Trailblazers
ncaab_ou,Utah Tech Trailblazers,Utah Tech Trailblazers
ncaab_ou,Utah Utes,Utah Utes
ncaab_ou,Utah Valley,Utah Valley Wolverines
ncaab_ou,Utah Valley Wolverines,Utah Valley Wolverines
ncaab_ou,VCU,VCU Rams
ncaab_ou,VCU Rams,VCU Rams
ncaab_ou,VMI,VMI Keydets
ncaab_ou,VMI Keydets,VMI Keydets
ncaab_ou,Valparaiso,Valparaiso Beacons
ncaab_ou,Valparaiso Beacons,Valparaiso Beacons
ncaab_ou,Vanderbilt,Vanderbilt Commodores
ncaab_ou,Vanderbilt Commodores,Vanderbilt Commodores
ncaab_ou,Vermont,Vermont Catamounts
ncaab_ou,Vermont Catamounts,Vermont Catamounts
ncaab_ou,Villanova,Villanova Wildcats
ncaab_ou,Villanova Wildcats,Villanova Wildcats
ncaab_ou,Virginia,Virginia Cavaliers
ncaab_ou,Virginia Cavaliers,Virginia Cavaliers
ncaab_ou,Virginia Tech,Virginia Tech Hokies
ncaab_ou,Virginia Tech Hokies,Virginia Tech Hokies
ncaab_ou,Wagner,Wagner Seahawks
ncaab_ou,Wagner Seahawks,Wagner Seahawks
ncaab_ou,Wake Forest,Wake Forest Demon Deacons
ncaab_ou,Wake Forest Demon Deacons,Wake Forest Demon Deacons
ncaab_ou,Washington,Washington Huskies
ncaab_ou,Washington Huskies,Washington Huskies
ncaab_ou,Washington State,Washington State Cougars
ncaab_ou,Washington State Cougars,Washington State Cougars
ncaab_ou,Weber State,Weber State Wildcats
ncaab_ou,Weber State Wildcats,Weber State Wildcats
ncaab_ou,West Georgia,West Georgia Wolves
ncaab_ou,West Georgia Wolves,West Georgia Wolves
ncaab_ou,West Virginia,West Virginia Mountaineers
ncaab_ou,West Virginia Mountaineers,West Virginia Mountaineers
ncaab_ou,Western Carolina,Western Carolina Catamounts
ncaab_ou,Western Carolina Catamounts,Western Carolina Catamounts
ncaab_ou,Western Illinois,Western Illinois Leathernecks
ncaab_ou,Western Illinois Leathernecks,Western Illinois Leathernecks
ncaab_ou,Western Kentucky,Western Kentucky Hilltoppers
ncaab_ou,Western Kentucky Hilltoppers,Western Kentucky Hilltoppers
ncaab_ou,Western Michigan,Western Michigan Broncos
ncaab_ou,Western Michigan Broncos,Western Michigan Broncos
ncaab_ou,Wichita State,Wichita State Shockers
ncaab_ou,Wichita State Shockers,Wichita State Shockers
ncaab_ou,William & Mary,William Mary Tribe
ncaab_ou,William & Mary Tribe,William Mary Tribe
ncaab_ou,Winthrop,Winthrop Eagles
ncaab_ou,Winthrop Eagles,Winthrop Eagles
ncaab_ou,Wisconsin,Wisconsin Badgers
ncaab_ou,Wisconsin Badgers,Wisconsin Badgers
ncaab_ou,Wisconsin Green Bay,Wisconsin Green Bay Phoenix
ncaab_ou,Wisconsin Green Bay Phoenix,Wisconsin Green Bay Phoenix
ncaab_ou,Wisconsin Milwaukee,Wisconsin Milwaukee Panthers
ncaab_ou,Wisconsin Milwaukee Panthers,Wisconsin Milwaukee Panthers
ncaab_ou,Wofford,Wofford Terriers
ncaab_ou,Wofford Terriers,Wofford Terriers
ncaab_ou,Wright State,Wright State Raiders
ncaab_ou,Wright State Raiders,Wright State Raiders
ncaab_ou,Wyoming,Wyoming Cowboys
ncaab_ou,Wyoming Cowboys,Wyoming Cowboys
ncaab_ou,Xavier,Xavier Musketeers
ncaab_ou,Xavier Musketeers,Xavier Musketeers
ncaab_ou,Yale,Yale Bulldogs
ncaab_ou,Yale Bulldogs,Yale Bulldogs
ncaab_ou,Youngstown State,Youngstown State Penguins

ncaab_ou,Youngstown State Penguins,Youngstown State Penguins








